{"accuracy": [0.663168728351593, 0.7340534925460815, 0.75, 0.7730452418327332, 0.7770575881004333, 0.787139892578125, 0.7877572178840637, 0.7979423999786377, 0.8135802745819092, 0.8191357851028442], "loss": [6.360974311828613, 1.1910326480865479, 0.6709229350090027, 0.5707674622535706, 0.6019662022590637, 0.5520967245101929, 0.5593979358673096, 0.5460129976272583, 0.4944624900817871, 0.5140470862388611], "val_accuracy": [0.28796297311782837, 0.5148147940635681, 0.364814817905426, 0.5611110925674438, 0.5944444537162781, 0.6138888597488403, 0.5064814686775208, 0.7027778029441833, 0.645370364189148, 0.6111111044883728], "val_loss": [8.279820442199707, 1.1088236570358276, 2.182002544403076, 0.9255431890487671, 1.0295889377593994, 0.7912532091140747, 1.0577839612960815, 0.70540452003479, 0.7328070402145386, 0.7714748978614807]}