{"accuracy": [0.7028806805610657, 0.8230452537536621, 0.8515431880950928, 0.8588477373123169, 0.8662551641464233, 0.8754115104675293, 0.8887860178947449, 0.8978394865989685, 0.9056584239006042, 0.9168724417686462], "loss": [0.7206986546516418, 0.472353994846344, 0.3990215063095093, 0.3761015236377716, 0.3601519465446472, 0.33778923749923706, 0.29752862453460693, 0.2769331634044647, 0.2582920491695404, 0.23815219104290009], "val_accuracy": [0.7870370149612427, 0.8407407402992249, 0.8314814567565918, 0.7814815044403076, 0.8564814925193787, 0.7990740537643433, 0.8888888955116272, 0.9018518328666687, 0.9157407283782959, 0.914814829826355], "val_loss": [0.6509174704551697, 0.5758625864982605, 0.4708375632762909, 0.4935968518257141, 0.37039631605148315, 0.45688894391059875, 0.3208203911781311, 0.262883722782135, 0.2350727766752243, 0.2505744695663452]}