{"accuracy": [0.6772633790969849, 0.7951645851135254, 0.809567928314209, 0.8259259462356567, 0.838168740272522, 0.8412551283836365, 0.8591563701629639, 0.8670781850814819, 0.8720164895057678, 0.8929012417793274], "loss": [0.8651012778282166, 0.5536372065544128, 0.5312270522117615, 0.47287091612815857, 0.43655654788017273, 0.43757933378219604, 0.39387255907058716, 0.38282644748687744, 0.35461699962615967, 0.31909921765327454], "val_accuracy": [0.6537036895751953, 0.7638888955116272, 0.7240740656852722, 0.7722222208976746, 0.7685185074806213, 0.7740740776062012, 0.7453703880310059, 0.8277778029441833, 0.8092592358589172, 0.8398148417472839], "val_loss": [0.7855817675590515, 0.5977500081062317, 0.790603518486023, 0.5737983584403992, 0.5233446955680847, 0.5785006284713745, 0.7322199940681458, 0.44227564334869385, 0.46502408385276794, 0.46831005811691284]}