{"accuracy": [0.6918724179267883, 0.8203703761100769, 0.8341563940048218, 0.8438271880149841, 0.8570987582206726, 0.8639917969703674, 0.8670781850814819, 0.8728395104408264, 0.876646101474762, 0.8775720000267029], "loss": [0.747232973575592, 0.49211063981056213, 0.45192408561706543, 0.4269600510597229, 0.38581302762031555, 0.3744668960571289, 0.3504939377307892, 0.33938485383987427, 0.33005860447883606, 0.330303817987442], "val_accuracy": [0.5981481671333313, 0.7194444537162781, 0.7861111164093018, 0.7870370149612427, 0.8157407641410828, 0.8120370507240295, 0.8342592716217041, 0.8370370268821716, 0.8064814805984497, 0.8361111283302307], "val_loss": [0.8757240772247314, 0.6608765721321106, 0.5242289304733276, 0.562774658203125, 0.4900975525379181, 0.49339431524276733, 0.4566328525543213, 0.3836192190647125, 0.4604257047176361, 0.3985116481781006]}